"Combo","NewVarName","R2","Params","OptResults"
"('Business sophistication', 'GNI_per_capita')","Business sophistication+GNI_per_capita","0.8488695415816643","[78132.69354691617, -2579722647.6400013, 23090208455588.598]","{'DifferentialEvolution': [0.0, 23090208455588.598], 'DualAnnealing': [0.0, 23090208455588.598], 'SHGO': [0.0, 23090208455588.598]}"
"('Business sophistication', 'Patent Publications')","Business sophistication+Patent Publications","0.9037212964378111","[121829.90529348732, 84110500.65859437, 2760809961248.9624]","{'DifferentialEvolution': [5.0, 2761233559499.8877], 'DualAnnealing': [5.0, 2761233559499.8877], 'SHGO': [5.0, 2761233559499.8877]}"
"('Corporate Tax', 'GNI_per_capita')","Corporate Tax+GNI_per_capita","0.8491607988295786","[78177.3244533832, -2579156514.9946384, 23065267482421.04]","{'DifferentialEvolution': [0.0, 23065267482421.04], 'DualAnnealing': [0.0, 23065267482421.04], 'SHGO': [0.0, 23065267482421.04]}"
"('Corporate Tax', 'Patent Publications')","Corporate Tax+Patent Publications","0.9035300398273893","[121761.5634004057, 88095542.20042256, 2760830685134.42]","{'DifferentialEvolution': [5.0, 2761274206884.507], 'DualAnnealing': [5.0, 2761274206884.507], 'SHGO': [5.0, 2761274206884.507]}"
"('Creative outputs', 'GNI_per_capita')","Creative outputs+GNI_per_capita","0.848803295155429","[78154.90462220588, -2579853464.1788287, 23083775994041.734]","{'DifferentialEvolution': [0.0, 23083775994041.734], 'DualAnnealing': [0.0, 23083775994041.734], 'SHGO': [0.0, 23083775994041.734]}"
"('Creative outputs', 'Patent Publications')","Creative outputs+Patent Publications","0.9035406116253923","[121646.93511549641, 87254985.98071516, 2759230497311.6284]","{'DifferentialEvolution': [5.0, 2759669813414.9097], 'DualAnnealing': [5.0, 2759669813414.9097], 'SHGO': [5.0, 2759669813414.9097]}"
"('GERD', 'GNI_per_capita')","GERD+GNI_per_capita","0.8489627440346315","[78171.34652078833, -2577054582.1160235, 23033865177841.113]","{'DifferentialEvolution': [0.0, 23033865177841.113], 'DualAnnealing': [0.0, 23033865177841.113], 'SHGO': [0.0, 23033865177841.113]}"
"('GERD', 'Patent Publications')","GERD+Patent Publications","0.9035865896351954","[121891.05466341382, 89944755.42098063, 2762844456557.0044]","{'DifferentialEvolution': [5.0, 2763297227610.476], 'DualAnnealing': [5.0, 2763297227610.476], 'SHGO': [5.0, 2763297227610.476]}"
"('GNI_per_capita', 'General Revenue')","GNI_per_capita+General Revenue","0.848854107904438","[78187.29832601259, -2578904365.20765, 23055241720825.45]","{'DifferentialEvolution': [0.0, 23055241720825.45], 'DualAnnealing': [0.0, 23055241720825.45], 'SHGO': [0.0, 23055241720825.45]}"
"('GNI_per_capita', 'Global Innovation Index')","GNI_per_capita+Global Innovation Index","0.8489118489097471","[78141.90284853181, -2580171428.139966, 23093575784921.984]","{'DifferentialEvolution': [0.0, 23093575784921.984], 'DualAnnealing': [0.0, 23093575784921.984], 'SHGO': [0.0, 23093575784921.984]}"
"('GNI_per_capita', 'Human capital and research')","GNI_per_capita+Human capital and research","0.8488605146891196","[78145.85245505665, -2580091351.832187, 23090199475561.8]","{'DifferentialEvolution': [0.0, 23090199475561.8], 'DualAnnealing': [0.0, 23090199475561.8], 'SHGO': [0.0, 23090199475561.8]}"
"('GNI_per_capita', 'Infrastructure')","GNI_per_capita+Infrastructure","0.8488909797885382","[78160.88997990353, -2580784584.0505886, 23097145903869.363]","{'DifferentialEvolution': [0.0, 23097145903869.363], 'DualAnnealing': [0.0, 23097145903869.363], 'SHGO': [0.0, 23097145903869.363]}"
"('GNI_per_capita', 'Institutions')","GNI_per_capita+Institutions","0.8488781443644741","[78099.66716083512, -2580010613.7539325, 23099810823244.926]","{'DifferentialEvolution': [0.0, 23099810823244.926], 'DualAnnealing': [0.0, 23099810823244.926], 'SHGO': [0.0, 23099810823244.926]}"
"('GNI_per_capita', 'Internet Usage')","GNI_per_capita+Internet Usage","0.848544368242791","[78070.14250912578, -2579215156.3023686, 23096463589439.39]","{'DifferentialEvolution': [0.0, 23096463589439.39], 'DualAnnealing': [0.0, 23096463589439.39], 'SHGO': [0.0, 23096463589439.39]}"
"('GNI_per_capita', 'Knowledge and technology outputs')","GNI_per_capita+Knowledge and technology outputs","0.8489790334697543","[78158.45129744365, -2580793289.2477064, 23101351976900.2]","{'DifferentialEvolution': [0.0, 23101351976900.2], 'DualAnnealing': [0.0, 23101351976900.2], 'SHGO': [0.0, 23101351976900.2]}"
"('GNI_per_capita', 'Market sophistication')","GNI_per_capita+Market sophistication","0.8491569307961649","[78096.05476127543, -2579461364.3640337, 23095240322954.273]","{'DifferentialEvolution': [0.0, 23095240322954.273], 'DualAnnealing': [0.0, 23095240322954.273], 'SHGO': [0.0, 23095240322954.273]}"
"('GNI_per_capita', 'Unemployment Rate')","GNI_per_capita+Unemployment Rate","0.8489755984926876","[78175.54160763237, -2577362380.441713, 23037514433548.254]","{'DifferentialEvolution': [0.0, 23037514433548.254], 'DualAnnealing': [0.0, 23037514433548.254], 'SHGO': [0.0, 23037514433548.254]}"
"('GNI_per_capita', 'WIPO Tax')","GNI_per_capita+WIPO Tax","0.8488146034422122","[78167.78096579098, -2578660789.2575645, 23057824992881.29]","{'DifferentialEvolution': [0.0, 23057824992881.29], 'DualAnnealing': [0.0, 23057824992881.29], 'SHGO': [0.0, 23057824992881.29]}"
"('General Revenue', 'Patent Publications')","General Revenue+Patent Publications","0.9035579815294762","[122037.32297436027, 86637098.36634777, 2761141116085.271]","{'DifferentialEvolution': [5.0, 2761577352510.1772], 'DualAnnealing': [5.0, 2761577352510.1772], 'SHGO': [5.0, 2761577352510.1772]}"
"('Global Innovation Index', 'Patent Publications')","Global Innovation Index+Patent Publications","0.9034536140179095","[128915.79471708421, 1.0, 2848818606873.115]","{'DifferentialEvolution': [5.0, 2848821829772.9834], 'DualAnnealing': [5.0, 2848821829772.9834], 'SHGO': [5.0, 2848821829772.9834]}"
"('Human capital and research', 'Patent Publications')","Human capital and research+Patent Publications","0.9036005694920134","[121926.51505900305, 83356298.4308227, 2760581519147.856]","{'DifferentialEvolution': [5.0, 2761001348802.8867], 'DualAnnealing': [5.0, 2761001348802.8867], 'SHGO': [5.0, 2761001348802.8867]}"
"('Infrastructure', 'Patent Publications')","Infrastructure+Patent Publications","0.9034819544911037","[121826.07123839323, 84004219.95476143, 2759846439588.373]","{'DifferentialEvolution': [5.0, 2760269506339.9277], 'DualAnnealing': [5.0, 2760269506339.9277], 'SHGO': [5.0, 2760269506339.9277]}"
"('Institutions', 'Patent Publications')","Institutions+Patent Publications","0.9037422231069985","[121745.59491213885, 82670464.89045604, 2757879714678.6]","{'DifferentialEvolution': [5.0, 2758296110642.9253], 'DualAnnealing': [5.0, 2758296110642.9253], 'SHGO': [5.0, 2758296110642.9253]}"
"('Internet Usage', 'Patent Publications')","Internet Usage+Patent Publications","0.9037740107540707","[121910.67457607343, 80660934.42796324, 2758705510976.997]","{'DifferentialEvolution': [5.0, 2759111863416.0015], 'DualAnnealing': [5.0, 2759111863416.0015], 'SHGO': [5.0, 2759111863416.0015]}"
"('Knowledge and technology outputs', 'Patent Publications')","Knowledge and technology outputs+Patent Publications","0.9036489680056812","[121806.5050300407, 84273167.38512637, 2760804202827.398]","{'DifferentialEvolution': [5.0, 2761228613826.949], 'DualAnnealing': [5.0, 2761228613826.949], 'SHGO': [5.0, 2761228613826.949]}"
"('Market sophistication', 'Patent Publications')","Market sophistication+Patent Publications","0.9038217028735802","[121662.67133655824, 83909192.80550437, 2759681901259.506]","{'DifferentialEvolution': [5.0, 2760104488790.317], 'DualAnnealing': [5.0, 2760104488790.317], 'SHGO': [5.0, 2760104488790.317]}"
"('Patent Publications', 'Unemployment Rate')","Patent Publications+Unemployment Rate","0.9035917763687383","[121850.59437197514, 90137262.27090552, 2762587146440.0776]","{'DifferentialEvolution': [5.0, 2763040879016.2915], 'DualAnnealing': [5.0, 2763040879016.2915], 'SHGO': [5.0, 2763040879016.2915]}"
"('Patent Publications', 'WIPO Tax')","Patent Publications+WIPO Tax","0.9036488284538153","[121841.68458464675, 88159609.74784493, 2759887906503.885]","{'DifferentialEvolution': [5.0, 2760331750594.739], 'DualAnnealing': [5.0, 2760331750594.739], 'SHGO': [5.0, 2760331750594.739]}"
"('Business sophistication', 'Corporate Tax', 'GNI_per_capita')","Business sophistication+Corporate Tax+GNI_per_capita","0.8490612177662188","[175803.78132280608, -3872861697.2662716, 23124120839806.04]","{'DifferentialEvolution': [0.0, 23124120839806.04], 'DualAnnealing': [0.0, 23124120839806.04], 'SHGO': [0.0, 23124120839806.04]}"
"('Business sophistication', 'Corporate Tax', 'Patent Publications')","Business sophistication+Corporate Tax+Patent Publications","0.9036705269755563","[273871.04031774966, 122560007.51937875, 2758852734308.4546]","{'DifferentialEvolution': [5.0, 2759472381122.0596], 'DualAnnealing': [5.0, 2759472381122.0596], 'SHGO': [5.0, 2759472381122.0596]}"
"('Business sophistication', 'Creative outputs', 'GNI_per_capita')","Business sophistication+Creative outputs+GNI_per_capita","0.8487036608071852","[175753.3211194122, -3873903584.1569943, 23142630907734.32]","{'DifferentialEvolution': [0.0, 23142630907734.32], 'DualAnnealing': [0.0, 23142630907734.32], 'SHGO': [0.0, 23142630907734.32]}"
"('Business sophistication', 'Creative outputs', 'Patent Publications')","Business sophistication+Creative outputs+Patent Publications","0.9036808333878691","[273613.0280554211, 121309663.15384927, 2757275527802.0073]","{'DifferentialEvolution': [5.0, 2757888916443.478], 'DualAnnealing': [5.0, 2757888916443.478], 'SHGO': [5.0, 2757888916443.478]}"
"('Business sophistication', 'GERD', 'GNI_per_capita')","Business sophistication+GERD+GNI_per_capita","0.8488631183705733","[175790.31560600948, -3869709607.3854637, 23092678723342.445]","{'DifferentialEvolution': [0.0, 23092678723342.445], 'DualAnnealing': [0.0, 23092678723342.445], 'SHGO': [0.0, 23092678723342.445]}"
"('Business sophistication', 'GERD', 'Patent Publications')","Business sophistication+GERD+Patent Publications","0.903726949502144","[274161.53260107327, 125327970.99864022, 2760814228707.667]","{'DifferentialEvolution': [5.0, 2761447722600.975], 'DualAnnealing': [5.0, 2761447722600.975], 'SHGO': [5.0, 2761447722600.975]}"
"('Business sophistication', 'GNI_per_capita', 'General Revenue')","Business sophistication+GNI_per_capita+General Revenue","0.8487546317560088","[175826.18167262647, -3872483885.585344, 23114092242355.54]","{'DifferentialEvolution': [0.0, 23114092242355.54], 'DualAnnealing': [0.0, 23114092242355.54], 'SHGO': [0.0, 23114092242355.54]}"
"('Business sophistication', 'GNI_per_capita', 'Global Innovation Index')","Business sophistication+GNI_per_capita+Global Innovation Index","0.8488121590651734","[175724.0961029047, -3874379713.850623, 23152437339508.742]","{'DifferentialEvolution': [0.0, 23152437339508.742], 'DualAnnealing': [0.0, 23152437339508.742], 'SHGO': [0.0, 23152437339508.742]}"
"('Business sophistication', 'GNI_per_capita', 'Human capital and research')","Business sophistication+GNI_per_capita+Human capital and research","0.8487609064009983","[175732.98311294918, -3874260176.2670417, 23149062546490.684]","{'DifferentialEvolution': [0.0, 23149062546490.684], 'DualAnnealing': [0.0, 23149062546490.684], 'SHGO': [0.0, 23149062546490.684]}"
"('Business sophistication', 'GNI_per_capita', 'Infrastructure')","Business sophistication+GNI_per_capita+Infrastructure","0.8487912644526315","[175766.7687672532, -3875299866.170558, 23156018974950.754]","{'DifferentialEvolution': [0.0, 23156018974950.754], 'DualAnnealing': [0.0, 23156018974950.754], 'SHGO': [0.0, 23156018974950.754]}"
"('Business sophistication', 'GNI_per_capita', 'Institutions')","Business sophistication+GNI_per_capita+Institutions","0.848778566955917","[175629.14754068732, -3874135906.515638, 23158667596151.234]","{'DifferentialEvolution': [0.0, 23158667596151.234], 'DualAnnealing': [0.0, 23158667596151.234], 'SHGO': [0.0, 23158667596151.234]}"
"('Business sophistication', 'GNI_per_capita', 'Internet Usage')","Business sophistication+GNI_per_capita+Internet Usage","0.8484448192810202","[175562.73980977095, -3872940709.8299623, 23155299947563.133]","{'DifferentialEvolution': [0.0, 23155299947563.133], 'DualAnnealing': [0.0, 23155299947563.133], 'SHGO': [0.0, 23155299947563.133]}"
"('Business sophistication', 'GNI_per_capita', 'Knowledge and technology outputs')","Business sophistication+GNI_per_capita+Knowledge and technology outputs","0.8488793386781969","[175761.32012736963, -3875313698.0515804, 23160228627971.29]","{'DifferentialEvolution': [0.0, 23160228627971.29], 'DualAnnealing': [0.0, 23160228627971.29], 'SHGO': [0.0, 23160228627971.29]}"
"('Business sophistication', 'GNI_per_capita', 'Market sophistication')","Business sophistication+GNI_per_capita+Market sophistication","0.8490571907245104","[175621.02979853263, -3873312406.4244905, 23154086437936.973]","{'DifferentialEvolution': [0.0, 23154086437936.973], 'DualAnnealing': [0.0, 23154086437936.973], 'SHGO': [0.0, 23154086437936.973]}"
"('Business sophistication', 'GNI_per_capita', 'Unemployment Rate')","Business sophistication+GNI_per_capita+Unemployment Rate","0.8488759737582389","[175799.74536606262, -3870171261.314778, 23096333355450.645]","{'DifferentialEvolution': [0.0, 23096333355450.645], 'DualAnnealing': [0.0, 23096333355450.645], 'SHGO': [0.0, 23096333355450.645]}"
"('Business sophistication', 'GNI_per_capita', 'WIPO Tax')","Business sophistication+GNI_per_capita+WIPO Tax","0.8487151605265264","[175782.31001790368, -3872117536.486063, 23116668800933.6]","{'DifferentialEvolution': [0.0, 23116668800933.6], 'DualAnnealing': [0.0, 23116668800933.6], 'SHGO': [0.0, 23116668800933.6]}"
"('Business sophistication', 'General Revenue', 'Patent Publications')","Business sophistication+General Revenue+Patent Publications","0.9036983610486884","[274490.7156156921, 120354445.85379516, 2759200136279.3926]","{'DifferentialEvolution': [5.0, 2759808770776.552], 'DualAnnealing': [5.0, 2759808770776.552], 'SHGO': [5.0, 2759808770776.552]}"
"('Business sophistication', 'Global Innovation Index', 'Patent Publications')","Business sophistication+Global Innovation Index+Patent Publications","0.9037747259461385","[273873.1641159931, 117444694.4215415, 2758001105701.4106]","{'DifferentialEvolution': [5.0, 2758595176002.621], 'DualAnnealing': [5.0, 2758595176002.621], 'SHGO': [5.0, 2758595176002.621]}"
"('Business sophistication', 'Human capital and research', 'Patent Publications')","Business sophistication+Human capital and research+Patent Publications","0.90374076081858","[274241.1958369961, 115445854.64919561, 2758724989612.0264]","{'DifferentialEvolution': [5.0, 2759309074915.1685], 'DualAnnealing': [5.0, 2759309074915.1685], 'SHGO': [5.0, 2759309074915.1685]}"
"('Business sophistication', 'Infrastructure', 'Patent Publications')","Business sophistication+Infrastructure+Patent Publications","0.9036223008601777","[274015.8298246523, 116421700.19856398, 2757975025363.6753]","{'DifferentialEvolution': [5.0, 2758563984260.4136], 'DualAnnealing': [5.0, 2758563984260.4136], 'SHGO': [5.0, 2758563984260.4136]}"
"('Business sophistication', 'Institutions', 'Patent Publications')","Business sophistication+Institutions+Patent Publications","0.9038819531937871","[273834.1377802513, 114431992.95929196, 2756043574543.243]","{'DifferentialEvolution': [5.0, 2756622580361.484], 'DualAnnealing': [5.0, 2756622580361.484], 'SHGO': [5.0, 2756622580361.484]}"
"('Business sophistication', 'Internet Usage', 'Patent Publications')","Business sophistication+Internet Usage+Patent Publications","0.9039135658046165","[274204.96694364876, 111408343.69539554, 2756920380859.681]","{'DifferentialEvolution': [5.0, 2757484277702.3315], 'DualAnnealing': [5.0, 2757484277702.3315], 'SHGO': [5.0, 2757484277702.3315]}"
"('Business sophistication', 'Knowledge and technology outputs', 'Patent Publications')","Business sophistication+Knowledge and technology outputs+Patent Publications","0.903789271271407","[273971.2342458303, 116831362.06157878, 2758921588347.163]","{'DifferentialEvolution': [5.0, 2759512594438.327], 'DualAnnealing': [5.0, 2759512594438.327], 'SHGO': [5.0, 2759512594438.327]}"
"('Business sophistication', 'Market sophistication', 'Patent Publications')","Business sophistication+Market sophistication+Patent Publications","0.9039614851658786","[273647.3682681952, 116298616.04158527, 2757810377762.0503]","{'DifferentialEvolution': [5.0, 2758398712026.465], 'DualAnnealing': [5.0, 2758398712026.465], 'SHGO': [5.0, 2758398712026.465]}"
"('Business sophistication', 'Patent Publications', 'Unemployment Rate')","Business sophistication+Patent Publications+Unemployment Rate","0.9037321352453216","[274070.6440148231, 125619013.27495235, 2760552773035.2676]","{'DifferentialEvolution': [5.0, 2761187719867.7427], 'DualAnnealing': [5.0, 2761187719867.7427], 'SHGO': [5.0, 2761187719867.7427]}"
"('Business sophistication', 'Patent Publications', 'WIPO Tax')","Business sophistication+Patent Publications+WIPO Tax","0.9037890469831419","[274050.769566975, 122652373.69050507, 2757908537733.426]","{'DifferentialEvolution': [5.0, 2758528650871.1177], 'DualAnnealing': [5.0, 2758528650871.1177], 'SHGO': [5.0, 2758528650871.1177]}"
"('Corporate Tax', 'Creative outputs', 'GNI_per_capita')","Corporate Tax+Creative outputs+GNI_per_capita","0.8489949601195512","[175853.7360025321, -3873058282.697873, 23117686890914.152]","{'DifferentialEvolution': [0.0, 23117686890914.152], 'DualAnnealing': [0.0, 23117686890914.152], 'SHGO': [0.0, 23117686890914.152]}"
"('Corporate Tax', 'Creative outputs', 'Patent Publications')","Corporate Tax+Creative outputs+Patent Publications","0.903489692331606","[273458.0773742424, 127293176.94624752, 2757224604281.076]","{'DifferentialEvolution': [5.0, 2757867906617.7417], 'DualAnnealing': [5.0, 2757867906617.7417], 'SHGO': [5.0, 2757867906617.7417]}"
"('Corporate Tax', 'GERD', 'GNI_per_capita')","Corporate Tax+GERD+GNI_per_capita","0.849154375003607","[175890.73101500658, -3868860617.436761, 23067737944251.176]","{'DifferentialEvolution': [0.0, 23067737944251.176], 'DualAnnealing': [0.0, 23067737944251.176], 'SHGO': [0.0, 23067737944251.176]}"
"('Corporate Tax', 'GERD', 'Patent Publications')","Corporate Tax+GERD+Patent Publications","0.9035357008854508","[274007.9480890932, 131305156.60990402, 2760827739811.7954]","{'DifferentialEvolution': [5.0, 2761491115793.5474], 'DualAnnealing': [5.0, 2761491115793.5474], 'SHGO': [5.0, 2761491115793.5474]}"
"('Corporate Tax', 'GNI_per_capita', 'General Revenue')","Corporate Tax+GNI_per_capita+General Revenue","0.8490458031002637","[175926.6460083605, -3871636497.656927, 23089140614071.027]","{'DifferentialEvolution': [0.0, 23089140614071.027], 'DualAnnealing': [0.0, 23089140614071.027], 'SHGO': [0.0, 23089140614071.027]}"
"('Corporate Tax', 'GNI_per_capita', 'Global Innovation Index')","Corporate Tax+GNI_per_capita+Global Innovation Index","0.8491034843824764","[175824.47773228897, -3873534701.812675, 23127491769431.133]","{'DifferentialEvolution': [0.0, 23127491769431.133], 'DualAnnealing': [0.0, 23127491769431.133], 'SHGO': [0.0, 23127491769431.133]}"
"('Corporate Tax', 'GNI_per_capita', 'Human capital and research')","Corporate Tax+GNI_per_capita+Human capital and research","0.8490521143735337","[175833.36165531576, -3873414699.254866, 23124114015947.414]","{'DifferentialEvolution': [0.0, 23124114015947.414], 'DualAnnealing': [0.0, 23124114015947.414], 'SHGO': [0.0, 23124114015947.414]}"
"('Corporate Tax', 'GNI_per_capita', 'Infrastructure')","Corporate Tax+GNI_per_capita+Infrastructure","0.8490826293179367","[175867.2026279389, -3874455308.895191, 23131070227938.586]","{'DifferentialEvolution': [0.0, 23131070227938.586], 'DualAnnealing': [0.0, 23131070227938.586], 'SHGO': [0.0, 23131070227938.586]}"
"('Corporate Tax', 'GNI_per_capita', 'Institutions')","Corporate Tax+GNI_per_capita+Institutions","0.8490696920237724","[175729.43962852395, -3873291705.5477657, 23133724791528.496]","{'DifferentialEvolution': [0.0, 23133724791528.496], 'DualAnnealing': [0.0, 23133724791528.496], 'SHGO': [0.0, 23133724791528.496]}"
"('Corporate Tax', 'GNI_per_capita', 'Internet Usage')","Corporate Tax+GNI_per_capita+Internet Usage","0.848736170804626","[175663.07851238624, -3872098549.27561, 23130370288733.527]","{'DifferentialEvolution': [0.0, 23130370288733.527], 'DualAnnealing': [0.0, 23130370288733.527], 'SHGO': [0.0, 23130370288733.527]}"
"('Corporate Tax', 'GNI_per_capita', 'Knowledge and technology outputs')","Corporate Tax+GNI_per_capita+Knowledge and technology outputs","0.8491707123425009","[175861.71739248012, -3874468273.530566, 23135277156159.746]","{'DifferentialEvolution': [0.0, 23135277156159.746], 'DualAnnealing': [0.0, 23135277156159.746], 'SHGO': [0.0, 23135277156159.746]}"
"('Corporate Tax', 'GNI_per_capita', 'Market sophistication')","Corporate Tax+GNI_per_capita+Market sophistication","0.849348450674214","[175721.28638007137, -3872467131.4543166, 23129145648570.098]","{'DifferentialEvolution': [0.0, 23129145648570.098], 'DualAnnealing': [0.0, 23129145648570.098], 'SHGO': [0.0, 23129145648570.098]}"
"('Corporate Tax', 'GNI_per_capita', 'Unemployment Rate')","Corporate Tax+GNI_per_capita+Unemployment Rate","0.8491672037882113","[175900.16722275814, -3869322481.642228, 23071391543013.355]","{'DifferentialEvolution': [0.0, 23071391543013.355], 'DualAnnealing': [0.0, 23071391543013.355], 'SHGO': [0.0, 23071391543013.355]}"
"('Corporate Tax', 'GNI_per_capita', 'WIPO Tax')","Corporate Tax+GNI_per_capita+WIPO Tax","0.8490062115974453","[175882.72067592706, -3871270160.0939035, 23091720678417.34]","{'DifferentialEvolution': [0.0, 23091720678417.34], 'DualAnnealing': [0.0, 23091720678417.34], 'SHGO': [0.0, 23091720678417.34]}"
"('Corporate Tax', 'General Revenue', 'Patent Publications')","Corporate Tax+General Revenue+Patent Publications","0.9035067675361638","[274336.1494551936, 126347202.26089011, 2759152280925.9824]","{'DifferentialEvolution': [5.0, 2759790875341.0234], 'DualAnnealing': [5.0, 2759790875341.0234], 'SHGO': [5.0, 2759790875341.0234]}"
"('Corporate Tax', 'Global Innovation Index', 'Patent Publications')","Corporate Tax+Global Innovation Index+Patent Publications","0.9035835249298321","[273718.9246062734, 123427765.21742663, 2757919820635.915]","{'DifferentialEvolution': [5.0, 2758543802435.117], 'DualAnnealing': [5.0, 2758543802435.117], 'SHGO': [5.0, 2758543802435.117]}"
"('Corporate Tax', 'Human capital and research', 'Patent Publications')","Corporate Tax+Human capital and research+Patent Publications","0.903549363808853","[274086.8786121767, 121435527.3704545, 2758626656694.118]","{'DifferentialEvolution': [5.0, 2759240686502.9355], 'DualAnnealing': [5.0, 2759240686502.9355], 'SHGO': [5.0, 2759240686502.9355]}"
"('Corporate Tax', 'Infrastructure', 'Patent Publications')","Corporate Tax+Infrastructure+Patent Publications","0.903430929263019","[273861.3735699009, 122408730.29598188, 2757883204282.2466]","{'DifferentialEvolution': [5.0, 2758502094468.066], 'DualAnnealing': [5.0, 2758502094468.066], 'SHGO': [5.0, 2758502094468.066]}"
"('Corporate Tax', 'Institutions', 'Patent Publications')","Corporate Tax+Institutions+Patent Publications","0.903690405574589","[273678.93864704744, 120423848.01017797, 2755920184750.3164]","{'DifferentialEvolution': [5.0, 2756529145963.8335], 'DualAnnealing': [5.0, 2756529145963.8335], 'SHGO': [5.0, 2756529145963.8335]}"
"('Corporate Tax', 'Internet Usage', 'Patent Publications')","Corporate Tax+Internet Usage+Patent Publications","0.9037227456878583","[274051.81187162834, 117393036.89311756, 2756777149838.952]","{'DifferentialEvolution': [5.0, 2757370966318.7144], 'DualAnnealing': [5.0, 2757370966318.7144], 'SHGO': [5.0, 2757370966318.7144]}"
"('Corporate Tax', 'Knowledge and technology outputs', 'Patent Publications')","Corporate Tax+Knowledge and technology outputs+Patent Publications","0.9035982379908936","[273817.9706144921, 122808117.58180897, 2758844049566.0967]","{'DifferentialEvolution': [5.0, 2759464935603.271], 'DualAnnealing': [5.0, 2759464935603.271], 'SHGO': [5.0, 2759464935603.271]}"
"('Corporate Tax', 'Market sophistication', 'Patent Publications')","Corporate Tax+Market sophistication+Patent Publications","0.9037698509739509","[273492.20472430077, 122285095.10146542, 2757713257879.7637]","{'DifferentialEvolution': [5.0, 2758331520660.389], 'DualAnnealing': [5.0, 2758331520660.389], 'SHGO': [5.0, 2758331520660.389]}"
"('Corporate Tax', 'Patent Publications', 'Unemployment Rate')","Corporate Tax+Patent Publications+Unemployment Rate","0.9035408852067289","[273916.76518609596, 131597279.3608893, 2760565079999.2793]","{'DifferentialEvolution': [5.0, 2761229914315.2134], 'DualAnnealing': [5.0, 2761229914315.2134], 'SHGO': [5.0, 2761229914315.2134]}"
"('Corporate Tax', 'Patent Publications', 'WIPO Tax')","Corporate Tax+Patent Publications+WIPO Tax","0.9035976702868974","[273895.765634069, 128642015.15692186, 2757873851580.3936]","{'DifferentialEvolution': [5.0, 2758523909050.319], 'DualAnnealing': [5.0, 2758523909050.319], 'SHGO': [5.0, 2758523909050.319]}"
"('Creative outputs', 'GERD', 'GNI_per_capita')","Creative outputs+GERD+GNI_per_capita","0.8487968801994762","[175840.28986750747, -3869905910.121978, 23086246449682.297]","{'DifferentialEvolution': [0.0, 23086246449682.297], 'DualAnnealing': [0.0, 23086246449682.297], 'SHGO': [0.0, 23086246449682.297]}"
"('Creative outputs', 'GERD', 'Patent Publications')","Creative outputs+GERD+Patent Publications","0.9035462507124808","[273750.11715161783, 130043496.02773497, 2759231698054.303]","{'DifferentialEvolution': [5.0, 2759888759287.3706], 'DualAnnealing': [5.0, 2759888759287.3706], 'SHGO': [5.0, 2759888759287.3706]}"
"('Creative outputs', 'GNI_per_capita', 'General Revenue')","Creative outputs+GNI_per_capita+General Revenue","0.8486880041129043","[175876.1462452395, -3872680461.3469825, 23107656286993.51]","{'DifferentialEvolution': [0.0, 23107656286993.51], 'DualAnnealing': [0.0, 23107656286993.51], 'SHGO': [0.0, 23107656286993.51]}"
"('Creative outputs', 'GNI_per_capita', 'Global Innovation Index')","Creative outputs+GNI_per_capita+Global Innovation Index","0.8487458255634739","[175774.02797751682, -3874577278.288428, 23146009234917.836]","{'DifferentialEvolution': [0.0, 23146009234917.836], 'DualAnnealing': [0.0, 23146009234917.836], 'SHGO': [0.0, 23146009234917.836]}"
"('Creative outputs', 'GNI_per_capita', 'Human capital and research')","Creative outputs+GNI_per_capita+Human capital and research","0.848694435975051","[175782.90661608503, -3874457370.6035347, 23142631396432.117]","{'DifferentialEvolution': [0.0, 23142631396432.117], 'DualAnnealing': [0.0, 23142631396432.117], 'SHGO': [0.0, 23142631396432.117]}"
"('Creative outputs', 'GNI_per_capita', 'Infrastructure')","Creative outputs+GNI_per_capita+Infrastructure","0.8487248331654684","[175816.70934031374, -3875497317.475229, 23149587589061.17]","{'DifferentialEvolution': [0.0, 23149587589061.17], 'DualAnnealing': [0.0, 23149587589061.17], 'SHGO': [0.0, 23149587589061.17]}"
"('Creative outputs', 'GNI_per_capita', 'Institutions')","Creative outputs+GNI_per_capita+Institutions","0.8487120637228622","[175679.01545996242, -3874332993.852447, 23152237063114.54]","{'DifferentialEvolution': [0.0, 23152237063114.54], 'DualAnnealing': [0.0, 23152237063114.54], 'SHGO': [0.0, 23152237063114.54]}"
"('Creative outputs', 'GNI_per_capita', 'Internet Usage')","Creative outputs+GNI_per_capita+Internet Usage","0.848378215863797","[175612.579432275, -3873137527.8046803, 23148869776589.434]","{'DifferentialEvolution': [0.0, 23148869776589.434], 'DualAnnealing': [0.0, 23148869776589.434], 'SHGO': [0.0, 23148869776589.434]}"
"('Creative outputs', 'GNI_per_capita', 'Knowledge and technology outputs')","Creative outputs+GNI_per_capita+Knowledge and technology outputs","0.8488132656260148","[175811.29470056365, -3875511928.933118, 23153802784619.703]","{'DifferentialEvolution': [0.0, 23153802784619.703], 'DualAnnealing': [0.0, 23153802784619.703], 'SHGO': [0.0, 23153802784619.703]}"
"('Creative outputs', 'GNI_per_capita', 'Market sophistication')","Creative outputs+GNI_per_capita+Market sophistication","0.8489911299930104","[175670.9395207028, -3873510263.5868397, 23147662023552.027]","{'DifferentialEvolution': [0.0, 23147662023552.027], 'DualAnnealing': [0.0, 23147662023552.027], 'SHGO': [0.0, 23147662023552.027]}"
"('Creative outputs', 'GNI_per_capita', 'Unemployment Rate')","Creative outputs+GNI_per_capita+Unemployment Rate","0.8488097190563197","[175849.72567434542, -3870367796.0428476, 23089901953414.67]","{'DifferentialEvolution': [0.0, 23089901953414.67], 'DualAnnealing': [0.0, 23089901953414.67], 'SHGO': [0.0, 23089901953414.67]}"
"('Creative outputs', 'GNI_per_capita', 'WIPO Tax')","Creative outputs+GNI_per_capita+WIPO Tax","0.8486485207045846","[175832.24381238298, -3872313953.425116, 23110234878672.92]","{'DifferentialEvolution': [0.0, 23110234878672.92], 'DualAnnealing': [0.0, 23110234878672.92], 'SHGO': [0.0, 23110234878672.92]}"
"('Creative outputs', 'General Revenue', 'Patent Publications')","Creative outputs+General Revenue+Patent Publications","0.9035175710767953","[274077.480226556, 125092774.65442635, 2757560932948.0723]","{'DifferentialEvolution': [5.0, 2758193248758.35], 'DualAnnealing': [5.0, 2758193248758.35], 'SHGO': [5.0, 2758193248758.35]}"
"('Creative outputs', 'Global Innovation Index', 'Patent Publications')","Creative outputs+Global Innovation Index+Patent Publications","0.9035941843902774","[273461.37852039345, 122177772.04498106, 2756330225403.059]","{'DifferentialEvolution': [5.0, 2756947950797.747], 'DualAnnealing': [5.0, 2756947950797.747], 'SHGO': [5.0, 2756947950797.747]}"
"('Creative outputs', 'Human capital and research', 'Patent Publications')","Creative outputs+Human capital and research+Patent Publications","0.903559961976331","[273830.0173130652, 120174891.15839738, 2757055541931.183]","{'DifferentialEvolution': [5.0, 2757663262137.4077], 'DualAnnealing': [5.0, 2757663262137.4077], 'SHGO': [5.0, 2757663262137.4077]}"
"('Creative outputs', 'Infrastructure', 'Patent Publications')","Creative outputs+Infrastructure+Patent Publications","0.9034415717078388","[273603.6247729851, 121158503.94495301, 2756298631404.2593]","{'DifferentialEvolution': [5.0, 2756911264014.6035], 'DualAnnealing': [5.0, 2756911264014.6035], 'SHGO': [5.0, 2756911264014.6035]}"
"('Creative outputs', 'Institutions', 'Patent Publications')","Creative outputs+Institutions+Patent Publications","0.9037016637410764","[273421.7363436829, 119177346.88689555, 2754328627170.2886]","{'DifferentialEvolution': [5.0, 2754931349448.132], 'DualAnnealing': [5.0, 2754931349448.132], 'SHGO': [5.0, 2754931349448.132]}"
"('Creative outputs', 'Internet Usage', 'Patent Publications')","Creative outputs+Internet Usage+Patent Publications","0.9037331306855271","[273794.0048428912, 116144761.16284204, 2755204192248.4927]","{'DifferentialEvolution': [5.0, 2755791760904.4277], 'DualAnnealing': [5.0, 2755791760904.4277], 'SHGO': [5.0, 2755791760904.4277]}"
"('Creative outputs', 'Knowledge and technology outputs', 'Patent Publications')","Creative outputs+Knowledge and technology outputs+Patent Publications","0.9036086919138273","[273560.6185164672, 121553647.78690328, 2757267895113.822]","{'DifferentialEvolution': [5.0, 2757882502368.219], 'DualAnnealing': [5.0, 2757882502368.219], 'SHGO': [5.0, 2757882502368.219]}"
"('Creative outputs', 'Market sophistication', 'Patent Publications')","Creative outputs+Market sophistication+Patent Publications","0.9037811134409516","[273236.2298320418, 121029303.65079817, 2756128272725.7075]","{'DifferentialEvolution': [5.0, 2756740250149.7075], 'DualAnnealing': [5.0, 2756740250149.7075], 'SHGO': [5.0, 2756740250149.7075]}"
"('Creative outputs', 'Patent Publications', 'Unemployment Rate')","Creative outputs+Patent Publications+Unemployment Rate","0.9035514807373751","[273658.8092759613, 130338362.85734351, 2758963791547.199]","{'DifferentialEvolution': [5.0, 2759622324831.718], 'DualAnnealing': [5.0, 2759622324831.718], 'SHGO': [5.0, 2759622324831.718]}"
"('Creative outputs', 'Patent Publications', 'WIPO Tax')","Creative outputs+Patent Publications+WIPO Tax","0.9036085081654373","[273637.0769278798, 127394495.91904557, 2756262012378.037]","{'DifferentialEvolution': [5.0, 2756905825784.5557], 'DualAnnealing': [5.0, 2756905825784.5557], 'SHGO': [5.0, 2756905825784.5557]}"
"('GDP_per_capita_PPP', 'GNI_per_capita', 'Patent Publications')","GDP_per_capita_PPP+GNI_per_capita+Patent Publications","0.8202105778236917","[38085.16390585851, -2143732473.5050302, 33610981644374.824]","{'DifferentialEvolution': [0.0, 33610981644374.824], 'DualAnnealing': [0.0, 33610981644374.824], 'SHGO': [0.0, 33610981644374.824]}"
"('GERD', 'GNI_per_capita', 'General Revenue')","GERD+GNI_per_capita+General Revenue","0.8488476859117086","[175913.1703492244, -3868482416.5219116, 23057711870978.383]","{'DifferentialEvolution': [0.0, 23057711870978.383], 'DualAnnealing': [0.0, 23057711870978.383], 'SHGO': [0.0, 23057711870978.383]}"
"('GERD', 'GNI_per_capita', 'Global Innovation Index')","GERD+GNI_per_capita+Global Innovation Index","0.8489054291037267","[175811.0352933269, -3870382754.8977017, 23096046127648.945]","{'DifferentialEvolution': [0.0, 23096046127648.945], 'DualAnnealing': [0.0, 23096046127648.945], 'SHGO': [0.0, 23096046127648.945]}"
"('GERD', 'GNI_per_capita', 'Human capital and research')","GERD+GNI_per_capita+Human capital and research","0.8488540870976136","[175819.9243972493, -3870262719.0571265, 23092669912188.582]","{'DifferentialEvolution': [0.0, 23092669912188.582], 'DualAnnealing': [0.0, 23092669912188.582], 'SHGO': [0.0, 23092669912188.582]}"
"('GERD', 'GNI_per_capita', 'Infrastructure')","GERD+GNI_per_capita+Infrastructure","0.848884556933935","[175853.7546316978, -3871302520.4803543, 23099616741437.67]","{'DifferentialEvolution': [0.0, 23099616741437.67], 'DualAnnealing': [0.0, 23099616741437.67], 'SHGO': [0.0, 23099616741437.67]}"
"('GERD', 'GNI_per_capita', 'Institutions')","GERD+GNI_per_capita+Institutions","0.8488717259998808","[175716.01397637808, -3870141469.646185, 23102280941784.906]","{'DifferentialEvolution': [0.0, 23102280941784.906], 'DualAnnealing': [0.0, 23102280941784.906], 'SHGO': [0.0, 23102280941784.906]}"
"('GERD', 'GNI_per_capita', 'Internet Usage')","GERD+GNI_per_capita+Internet Usage","0.8485379403999666","[175649.58712239627, -3868948231.892231, 23098932649655.83]","{'DifferentialEvolution': [0.0, 23098932649655.83], 'DualAnnealing': [0.0, 23098932649655.83], 'SHGO': [0.0, 23098932649655.83]}"
"('GERD', 'GNI_per_capita', 'Knowledge and technology outputs')","GERD+GNI_per_capita+Knowledge and technology outputs","0.8489726099372874","[175848.26749132926, -3871315586.370852, 23103823097483.586]","{'DifferentialEvolution': [0.0, 23103823097483.586], 'DualAnnealing': [0.0, 23103823097483.586], 'SHGO': [0.0, 23103823097483.586]}"
"('GERD', 'GNI_per_capita', 'Market sophistication')","GERD+GNI_per_capita+Market sophistication","0.849150521273883","[175707.88724080138, -3869317647.201883, 23097710245807.746]","{'DifferentialEvolution': [0.0, 23097710245807.746], 'DualAnnealing': [0.0, 23097710245807.746], 'SHGO': [0.0, 23097710245807.746]}"
"('GERD', 'GNI_per_capita', 'Unemployment Rate')","GERD+GNI_per_capita+Unemployment Rate","0.848969178242055","[175886.71803385546, -3866169498.7172985, 23039983723554.89]","{'DifferentialEvolution': [0.0, 23039983723554.89], 'DualAnnealing': [0.0, 23039983723554.89], 'SHGO': [0.0, 23039983723554.89]}"
"('GERD', 'GNI_per_capita', 'WIPO Tax')","GERD+GNI_per_capita+WIPO Tax","0.8488081825312263","[175869.25668594698, -3868116964.784823, 23060294778024.508]","{'DifferentialEvolution': [0.0, 23060294778024.508], 'DualAnnealing': [0.0, 23060294778024.508], 'SHGO': [0.0, 23060294778024.508]}"
"('GERD', 'General Revenue', 'Patent Publications')","GERD+General Revenue+Patent Publications","0.9035636417786124","[274628.4451707769, 129116117.63801563, 2761140845648.6465]","{'DifferentialEvolution': [5.0, 2761793291947.966], 'DualAnnealing': [5.0, 2761793291947.966], 'SHGO': [5.0, 2761793291947.966]}"
"('GERD', 'Global Innovation Index', 'Patent Publications')","GERD+Global Innovation Index+Patent Publications","0.9036402394433495","[274010.5842092145, 126184250.49065219, 2759895619044.447]","{'DifferentialEvolution': [5.0, 2760533390561.5054], 'DualAnnealing': [5.0, 2760533390561.5054], 'SHGO': [5.0, 2760533390561.5054]}"
"('GERD', 'Human capital and research', 'Patent Publications')","GERD+Human capital and research+Patent Publications","0.9034296448797081","[289388.5101500925, 1.0, 2853265348313.2686]","{'DifferentialEvolution': [5.0, 2853272583031.0225], 'DualAnnealing': [5.0, 2853272583031.0225], 'SHGO': [5.0, 2853272583031.0225]}"
"('GERD', 'Infrastructure', 'Patent Publications')","GERD+Infrastructure+Patent Publications","0.9034876036718351","[274153.05259689287, 125167296.63917223, 2759852432558.3027]","{'DifferentialEvolution': [5.0, 2760485122867.8135], 'DualAnnealing': [5.0, 2760485122867.8135], 'SHGO': [5.0, 2760485122867.8135]}"
"('GERD', 'Institutions', 'Patent Publications')","GERD+Institutions+Patent Publications","0.9037477725059886","[273971.8585739707, 123167019.67260376, 2757890045515.1436]","{'DifferentialEvolution': [5.0, 2758512729909.9707], 'DualAnnealing': [5.0, 2758512729909.9707], 'SHGO': [5.0, 2758512729909.9707]}"
"('GERD', 'Internet Usage', 'Patent Publications')","GERD+Internet Usage+Patent Publications","0.9037795238141091","[274343.2414697436, 120152210.24534453, 2758718971638.2715]","{'DifferentialEvolution': [5.0, 2759326591270.535], 'DualAnnealing': [5.0, 2759326591270.535], 'SHGO': [5.0, 2759326591270.535]}"
"('GERD', 'Knowledge and technology outputs', 'Patent Publications')","GERD+Knowledge and technology outputs+Patent Publications","0.9036546471032478","[274108.910648019, 125571914.44920896, 2760808074224.3354]","{'DifferentialEvolution': [5.0, 2761442786519.3477], 'DualAnnealing': [5.0, 2761442786519.3477], 'SHGO': [5.0, 2761442786519.3477]}"
"('GERD', 'Market sophistication', 'Patent Publications')","GERD+Market sophistication+Patent Publications","0.9038272818955487","[273785.1017194764, 125027215.88210882, 2759687829845.5566]","{'DifferentialEvolution': [5.0, 2760319810552.5103], 'DualAnnealing': [5.0, 2760319810552.5103], 'SHGO': [5.0, 2760319810552.5103]}"
"('GERD', 'Patent Publications', 'Unemployment Rate')","GERD+Patent Publications+Unemployment Rate","0.9035974561099284","[274208.2841608786, 134367966.06661397, 2762578896232.0723]","{'DifferentialEvolution': [5.0, 2763257591269.5093], 'DualAnnealing': [5.0, 2763257591269.5093], 'SHGO': [5.0, 2763257591269.5093]}"
"('GERD', 'Patent Publications', 'WIPO Tax')","GERD+Patent Publications+WIPO Tax","0.903654468562869","[274188.2958263656, 131400227.12254278, 2759886192580.9956]","{'DifferentialEvolution': [5.0, 2760550048424.004], 'DualAnnealing': [5.0, 2760550048424.004], 'SHGO': [5.0, 2760550048424.004]}"
"('GNI_per_capita', 'General Revenue', 'Global Innovation Index')","GNI_per_capita+General Revenue+Global Innovation Index","0.848796792465289","[175846.90123411064, -3873157292.4577374, 23117462017796.65]","{'DifferentialEvolution': [0.0, 23117462017796.65], 'DualAnnealing': [0.0, 23117462017796.65], 'SHGO': [0.0, 23117462017796.65]}"
"('GNI_per_capita', 'General Revenue', 'Human capital and research')","GNI_per_capita+General Revenue+Human capital and research","0.8487452275820594","[175855.7788208507, -3873037018.341366, 23114081034202.11]","{'DifferentialEvolution': [0.0, 23114081034202.11], 'DualAnnealing': [0.0, 23114081034202.11], 'SHGO': [0.0, 23114081034202.11]}"
"('GNI_per_capita', 'General Revenue', 'Infrastructure')","GNI_per_capita+General Revenue+Infrastructure","0.8487757724650501","[175889.6431285333, -3874078131.377127, 23121038294601.62]","{'DifferentialEvolution': [0.0, 23121038294601.62], 'DualAnnealing': [0.0, 23121038294601.62], 'SHGO': [0.0, 23121038294601.62]}"
"('GNI_per_capita', 'General Revenue', 'Institutions')","GNI_per_capita+General Revenue+Institutions","0.8487629635102348","[175751.87803809982, -3872915472.876505, 23123698512005.203]","{'DifferentialEvolution': [0.0, 23123698512005.203], 'DualAnnealing': [0.0, 23123698512005.203], 'SHGO': [0.0, 23123698512005.203]}"
"('GNI_per_capita', 'General Revenue', 'Internet Usage')","GNI_per_capita+General Revenue+Internet Usage","0.8484289031838741","[175685.39663373912, -3871720427.952912, 23120340751802.715]","{'DifferentialEvolution': [0.0, 23120340751802.715], 'DualAnnealing': [0.0, 23120340751802.715], 'SHGO': [0.0, 23120340751802.715]}"
"('GNI_per_capita', 'General Revenue', 'Knowledge and technology outputs')","GNI_per_capita+General Revenue+Knowledge and technology outputs","0.8488642012181487","[175884.12807845132, -3874090247.467406, 23125244665132.29]","{'DifferentialEvolution': [0.0, 23125244665132.29], 'DualAnnealing': [0.0, 23125244665132.29], 'SHGO': [0.0, 23125244665132.29]}"
"('GNI_per_capita', 'General Revenue', 'Market sophistication')","GNI_per_capita+General Revenue+Market sophistication","0.8490422480991994","[175743.74733913594, -3872090991.4019346, 23119122691202.395]","{'DifferentialEvolution': [0.0, 23119122691202.395], 'DualAnnealing': [0.0, 23119122691202.395], 'SHGO': [0.0, 23119122691202.395]}"
"('GNI_per_capita', 'General Revenue', 'Unemployment Rate')","GNI_per_capita+General Revenue+Unemployment Rate","0.8488605048020086","[175922.61272026313, -3868944436.8520637, 23061365595483.67]","{'DifferentialEvolution': [0.0, 23061365595483.67], 'DualAnnealing': [0.0, 23061365595483.67], 'SHGO': [0.0, 23061365595483.67]}"
"('GNI_per_capita', 'General Revenue', 'WIPO Tax')","GNI_per_capita+General Revenue+WIPO Tax","0.8486990906210581","[175905.1492304349, -3870892513.4354873, 23081692645016.945]","{'DifferentialEvolution': [0.0, 23081692645016.945], 'DualAnnealing': [0.0, 23081692645016.945], 'SHGO': [0.0, 23081692645016.945]}"
"('GNI_per_capita', 'Global Innovation Index', 'Human capital and research')","GNI_per_capita+Global Innovation Index+Human capital and research","0.8488031357465359","[175753.6946294742, -3874933773.711095, 23152439047174.043]","{'DifferentialEvolution': [0.0, 23152439047174.043], 'DualAnnealing': [0.0, 23152439047174.043], 'SHGO': [0.0, 23152439047174.043]}"
"('GNI_per_capita', 'Global Innovation Index', 'Infrastructure')","GNI_per_capita+Global Innovation Index+Infrastructure","0.8488335222173815","[175787.4868849929, -3875973746.579745, 23159398020404.727]","{'DifferentialEvolution': [0.0, 23159398020404.727], 'DualAnnealing': [0.0, 23159398020404.727], 'SHGO': [0.0, 23159398020404.727]}"
"('GNI_per_capita', 'Global Innovation Index', 'Institutions')","GNI_per_capita+Global Innovation Index+Institutions","0.8488207299068624","[175649.8278661693, -3874808995.8156366, 23162044271958.7]","{'DifferentialEvolution': [0.0, 23162044271958.7], 'DualAnnealing': [0.0, 23162044271958.7], 'SHGO': [0.0, 23162044271958.7]}"
"('GNI_per_capita', 'Global Innovation Index', 'Internet Usage')","GNI_per_capita+Global Innovation Index+Internet Usage","0.8484870102256439","[175583.4364394037, -3873614039.3010864, 23158676868652.016]","{'DifferentialEvolution': [0.0, 23158676868652.016], 'DualAnnealing': [0.0, 23158676868652.016], 'SHGO': [0.0, 23158676868652.016]}"
"('GNI_per_capita', 'Global Innovation Index', 'Knowledge and technology outputs')","GNI_per_capita+Global Innovation Index+Knowledge and technology outputs","0.8489216998856989","[175782.03973818666, -3875987583.336608, 23163608771611.938]","{'DifferentialEvolution': [0.0, 23163608771611.938], 'DualAnnealing': [0.0, 23163608771611.938], 'SHGO': [0.0, 23163608771611.938]}"
"('GNI_per_capita', 'Global Innovation Index', 'Market sophistication')","GNI_per_capita+Global Innovation Index+Market sophistication","0.8490994808866074","[175641.71521159261, -3873985586.4777703, 23157464235874.625]","{'DifferentialEvolution': [0.0, 23157464235874.625], 'DualAnnealing': [0.0, 23157464235874.625], 'SHGO': [0.0, 23157464235874.625]}"
"('GNI_per_capita', 'Global Innovation Index', 'Unemployment Rate')","GNI_per_capita+Global Innovation Index+Unemployment Rate","0.8489182841848426","[175820.4680640835, -3870844556.1473374, 23099702084925.52]","{'DifferentialEvolution': [0.0, 23099702084925.52], 'DualAnnealing': [0.0, 23099702084925.52], 'SHGO': [0.0, 23099702084925.52]}"
"('GNI_per_capita', 'Global Innovation Index', 'WIPO Tax')","GNI_per_capita+Global Innovation Index+WIPO Tax","0.8487573259228314","[175803.01532393572, -3872790692.531436, 23120038923185.676]","{'DifferentialEvolution': [0.0, 23120038923185.676], 'DualAnnealing': [0.0, 23120038923185.676], 'SHGO': [0.0, 23120038923185.676]}"
"('GNI_per_capita', 'Human capital and research', 'Infrastructure')","GNI_per_capita+Human capital and research+Infrastructure","0.8487821671373221","[175796.38515583554, -3875854199.9196405, 23156019490138.48]","{'DifferentialEvolution': [0.0, 23156019490138.48], 'DualAnnealing': [0.0, 23156019490138.48], 'SHGO': [0.0, 23156019490138.48]}"
"('GNI_per_capita', 'Human capital and research', 'Institutions')","GNI_per_capita+Human capital and research+Institutions","0.8487693922628667","[175658.71664389662, -3874689560.66637, 23158666528183.957]","{'DifferentialEvolution': [0.0, 23158666528183.957], 'DualAnnealing': [0.0, 23158666528183.957], 'SHGO': [0.0, 23158666528183.957]}"
"('GNI_per_capita', 'Human capital and research', 'Internet Usage')","GNI_per_capita+Human capital and research+Internet Usage","0.8484355017195355","[175592.30658033965, -3873494307.87845, 23155297561942.38]","{'DifferentialEvolution': [0.0, 23155297561942.38], 'DualAnnealing': [0.0, 23155297561942.38], 'SHGO': [0.0, 23155297561942.38]}"
"('GNI_per_capita', 'Human capital and research', 'Knowledge and technology outputs')","GNI_per_capita+Human capital and research+Knowledge and technology outputs","0.8488704686052256","[175790.92642517955, -3875867882.6331024, 23160232241336.742]","{'DifferentialEvolution': [0.0, 23160232241336.742], 'DualAnnealing': [0.0, 23160232241336.742], 'SHGO': [0.0, 23160232241336.742]}"
"('GNI_per_capita', 'Human capital and research', 'Market sophistication')","GNI_per_capita+Human capital and research+Market sophistication","0.8490484670555103","[175650.63125301833, -3873866676.73894, 23154090644257.95]","{'DifferentialEvolution': [0.0, 23154090644257.95], 'DualAnnealing': [0.0, 23154090644257.95], 'SHGO': [0.0, 23154090644257.95]}"
"('GNI_per_capita', 'Human capital and research', 'Unemployment Rate')","GNI_per_capita+Human capital and research+Unemployment Rate","0.8488669551513184","[175829.35674284797, -3870724532.8349013, 23096326000015.223]","{'DifferentialEvolution': [0.0, 23096326000015.223], 'DualAnnealing': [0.0, 23096326000015.223], 'SHGO': [0.0, 23096326000015.223]}"
"('GNI_per_capita', 'Human capital and research', 'WIPO Tax')","GNI_per_capita+Human capital and research+WIPO Tax","0.8487057541344569","[175811.87653077685, -3872670288.1941376, 23116659449347.54]","{'DifferentialEvolution': [0.0, 23116659449347.54], 'DualAnnealing': [0.0, 23116659449347.54], 'SHGO': [0.0, 23116659449347.54]}"
"('GNI_per_capita', 'Infrastructure', 'Institutions')","GNI_per_capita+Infrastructure+Institutions","0.848799765475349","[175692.48709339224, -3875729386.7625737, 23165627611233.938]","{'DifferentialEvolution': [0.0, 23165627611233.938], 'DualAnnealing': [0.0, 23165627611233.938], 'SHGO': [0.0, 23165627611233.938]}"
"('GNI_per_capita', 'Infrastructure', 'Internet Usage')","GNI_per_capita+Infrastructure+Internet Usage","0.8484659520822486","[175626.06733078975, -3874533857.0336018, 23162257697303.137]","{'DifferentialEvolution': [0.0, 23162257697303.137], 'DualAnnealing': [0.0, 23162257697303.137], 'SHGO': [0.0, 23162257697303.137]}"
"('GNI_per_capita', 'Infrastructure', 'Knowledge and technology outputs')","GNI_per_capita+Infrastructure+Knowledge and technology outputs","0.848900890737867","[175824.73694305445, -3876908326.56516, 23167194341845.684]","{'DifferentialEvolution': [0.0, 23167194341845.684], 'DualAnnealing': [0.0, 23167194341845.684], 'SHGO': [0.0, 23167194341845.684]}"
"('GNI_per_capita', 'Infrastructure', 'Market sophistication')","GNI_per_capita+Infrastructure+Market sophistication","0.8490787042752428","[175684.37006842738, -3874905665.6600075, 23161047172128.32]","{'DifferentialEvolution': [0.0, 23161047172128.32], 'DualAnnealing': [0.0, 23161047172128.32], 'SHGO': [0.0, 23161047172128.32]}"
"('GNI_per_capita', 'Infrastructure', 'Unemployment Rate')","GNI_per_capita+Infrastructure+Unemployment Rate","0.848897437509705","[175863.19402032514, -3871764535.2142253, 23103274055894.03]","{'DifferentialEvolution': [0.0, 23103274055894.03], 'DualAnnealing': [0.0, 23103274055894.03], 'SHGO': [0.0, 23103274055894.03]}"
"('GNI_per_capita', 'Infrastructure', 'WIPO Tax')","GNI_per_capita+Infrastructure+WIPO Tax","0.8487363595093601","[175845.73991897985, -3873711310.276803, 23123616222050.516]","{'DifferentialEvolution': [0.0, 23123616222050.516], 'DualAnnealing': [0.0, 23123616222050.516], 'SHGO': [0.0, 23123616222050.516]}"
"('GNI_per_capita', 'Institutions', 'Internet Usage')","GNI_per_capita+Institutions+Internet Usage","0.8484532477353559","[175488.5968833302, -3873369803.036907, 23164900089523.63]","{'DifferentialEvolution': [0.0, 23164900089523.63], 'DualAnnealing': [0.0, 23164900089523.63], 'SHGO': [0.0, 23164900089523.63]}"
"('GNI_per_capita', 'Institutions', 'Knowledge and technology outputs')","GNI_per_capita+Institutions+Knowledge and technology outputs","0.8488881226838759","[175687.0362361532, -3875742904.5813293, 23169838363201.812]","{'DifferentialEvolution': [0.0, 23169838363201.812], 'DualAnnealing': [0.0, 23169838363201.812], 'SHGO': [0.0, 23169838363201.812]}"
"('GNI_per_capita', 'Institutions', 'Market sophistication')","GNI_per_capita+Institutions+Market sophistication","0.8490657694732368","[175546.8143469192, -3873741141.522685, 23163690364531.973]","{'DifferentialEvolution': [0.0, 23163690364531.973], 'DualAnnealing': [0.0, 23163690364531.973], 'SHGO': [0.0, 23163690364531.973]}"
"('GNI_per_capita', 'Institutions', 'Unemployment Rate')","GNI_per_capita+Institutions+Unemployment Rate","0.848884557188502","[175725.43507786025, -3870602998.9723353, 23105936735868.75]","{'DifferentialEvolution': [0.0, 23105936735868.75], 'DualAnnealing': [0.0, 23105936735868.75], 'SHGO': [0.0, 23105936735868.75]}"
"('GNI_per_capita', 'Institutions', 'WIPO Tax')","GNI_per_capita+Institutions+WIPO Tax","0.8487235214508917","[175708.00998295544, -3872548399.958669, 23126272900874.5]","{'DifferentialEvolution': [0.0, 23126272900874.5], 'DualAnnealing': [0.0, 23126272900874.5], 'SHGO': [0.0, 23126272900874.5]}"
"('GNI_per_capita', 'Internet Usage', 'Knowledge and technology outputs')","GNI_per_capita+Internet Usage+Knowledge and technology outputs","0.8485544044121517","[175620.62396111232, -3874547625.7344475, 23166470216000.137]","{'DifferentialEvolution': [0.0, 23166470216000.137], 'DualAnnealing': [0.0, 23166470216000.137], 'SHGO': [0.0, 23166470216000.137]}"
"('GNI_per_capita', 'Internet Usage', 'Market sophistication')","GNI_per_capita+Internet Usage+Market sophistication","0.8487324762589936","[175480.55679175304, -3872548308.180936, 23160328497563.29]","{'DifferentialEvolution': [0.0, 23160328497563.29], 'DualAnnealing': [0.0, 23160328497563.29], 'SHGO': [0.0, 23160328497563.29]}"
"('GNI_per_capita', 'Internet Usage', 'Unemployment Rate')","GNI_per_capita+Internet Usage+Unemployment Rate","0.8485508065317076","[175659.00586086887, -3869409591.453733, 23102587519404.656]","{'DifferentialEvolution': [0.0, 23102587519404.656], 'DualAnnealing': [0.0, 23102587519404.656], 'SHGO': [0.0, 23102587519404.656]}"
"('GNI_per_capita', 'Internet Usage', 'WIPO Tax')","GNI_per_capita+Internet Usage+WIPO Tax","0.8483895582578969","[175641.544873609, -3871353404.360304, 23122914349599.1]","{'DifferentialEvolution': [0.0, 23122914349599.1], 'DualAnnealing': [0.0, 23122914349599.1], 'SHGO': [0.0, 23122914349599.1]}"
"('GNI_per_capita', 'Knowledge and technology outputs', 'Market sophistication')","GNI_per_capita+Knowledge and technology outputs+Market sophistication","0.849166666422378","[175678.9160292657, -3874919221.6547303, 23165254081400.035]","{'DifferentialEvolution': [0.0, 23165254081400.035], 'DualAnnealing': [0.0, 23165254081400.035], 'SHGO': [0.0, 23165254081400.035]}"
"('GNI_per_capita', 'Knowledge and technology outputs', 'Unemployment Rate')","GNI_per_capita+Knowledge and technology outputs+Unemployment Rate","0.8489854942752121","[175857.7028185693, -3871777443.304069, 23107479491749.062]","{'DifferentialEvolution': [0.0, 23107479491749.062], 'DualAnnealing': [0.0, 23107479491749.062], 'SHGO': [0.0, 23107479491749.062]}"
"('GNI_per_capita', 'Knowledge and technology outputs', 'WIPO Tax')","GNI_per_capita+Knowledge and technology outputs+WIPO Tax","0.8488246692947072","[175840.23716724425, -3873723662.241074, 23127821125982.16]","{'DifferentialEvolution': [0.0, 23127821125982.16], 'DualAnnealing': [0.0, 23127821125982.16], 'SHGO': [0.0, 23127821125982.16]}"
"('GNI_per_capita', 'Market sophistication', 'Unemployment Rate')","GNI_per_capita+Market sophistication+Unemployment Rate","0.849163331052128","[175717.3030394388, -3869779025.0263867, 23101364790866.32]","{'DifferentialEvolution': [0.0, 23101364790866.32], 'DualAnnealing': [0.0, 23101364790866.32], 'SHGO': [0.0, 23101364790866.32]}"
"('GNI_per_capita', 'Market sophistication', 'WIPO Tax')","GNI_per_capita+Market sophistication+WIPO Tax","0.8490029219671852","[175699.93317230736, -3871725117.330464, 23121698975494.305]","{'DifferentialEvolution': [0.0, 23121698975494.305], 'DualAnnealing': [0.0, 23121698975494.305], 'SHGO': [0.0, 23121698975494.305]}"
"('GNI_per_capita', 'Unemployment Rate', 'WIPO Tax')","GNI_per_capita+Unemployment Rate+WIPO Tax","0.8488210119189109","[175878.70022938008, -3868578960.591131, 23063948338831.3]","{'DifferentialEvolution': [0.0, 23063948338831.3], 'DualAnnealing': [0.0, 23063948338831.3], 'SHGO': [0.0, 23063948338831.3]}"
"('General Revenue', 'Global Innovation Index', 'Patent Publications')","General Revenue+Global Innovation Index+Patent Publications","0.9036115137130795","[274338.9343594388, 121219087.09945402, 2758268235721.668]","{'DifferentialEvolution': [5.0, 2758881189630.5244], 'DualAnnealing': [5.0, 2758881189630.5244], 'SHGO': [5.0, 2758881189630.5244]}"
"('General Revenue', 'Human capital and research', 'Patent Publications')","General Revenue+Human capital and research+Patent Publications","0.9035774289152687","[274707.92252683593, 119221352.22131734, 2758981402338.9053]","{'DifferentialEvolution': [5.0, 2759584376798.075], 'DualAnnealing': [5.0, 2759584376798.075], 'SHGO': [5.0, 2759584376798.075]}"
"('General Revenue', 'Infrastructure', 'Patent Publications')","General Revenue+Infrastructure+Patent Publications","0.9034587065796267","[274481.9797147459, 120195572.51992528, 2758236254425.522]","{'DifferentialEvolution': [5.0, 2758844094337.6143], 'DualAnnealing': [5.0, 2758844094337.6143], 'SHGO': [5.0, 2758844094337.6143]}"
"('General Revenue', 'Institutions', 'Patent Publications')","General Revenue+Institutions+Patent Publications","0.9035638950812208","[289042.19352422975, 1.0, 2844698742081.8193]","{'DifferentialEvolution': [5.0, 2844705968141.657], 'DualAnnealing': [5.0, 2844705968141.657], 'SHGO': [5.0, 2844705968141.657]}"
"('General Revenue', 'Internet Usage', 'Patent Publications')","General Revenue+Internet Usage+Patent Publications","0.9037503287622473","[274672.09274221066, 115172836.2671693, 2757149087032.299]","{'DifferentialEvolution': [5.0, 2757731818015.953], 'DualAnnealing': [5.0, 2757731818015.953], 'SHGO': [5.0, 2757731818015.953]}"
"('General Revenue', 'Knowledge and technology outputs', 'Patent Publications')","General Revenue+Knowledge and technology outputs+Patent Publications","0.9036262216495128","[274437.567554964, 120603438.75501549, 2759189768968.77]","{'DifferentialEvolution': [5.0, 2759799647101.734], 'DualAnnealing': [5.0, 2759799647101.734], 'SHGO': [5.0, 2759799647101.734]}"
"('General Revenue', 'Market sophistication', 'Patent Publications')","General Revenue+Market sophistication+Patent Publications","0.9037983126607131","[274112.2912782371, 120069937.33614366, 2758068070960.087]","{'DifferentialEvolution': [5.0, 2758675273454.05], 'DualAnnealing': [5.0, 2758675273454.05], 'SHGO': [5.0, 2758675273454.05]}"
"('General Revenue', 'Patent Publications', 'Unemployment Rate')","General Revenue+Patent Publications+Unemployment Rate","0.9035688709033973","[274537.11409386393, 129408426.29678512, 2760878048191.2954]","{'DifferentialEvolution': [5.0, 2761531953750.632], 'DualAnnealing': [5.0, 2761531953750.632], 'SHGO': [5.0, 2761531953750.632]}"
"('General Revenue', 'Patent Publications', 'WIPO Tax')","General Revenue+Patent Publications+WIPO Tax","0.9036256274739312","[274516.84105556895, 126439443.32151222, 2758206014718.981]","{'DifferentialEvolution': [5.0, 2758845074856.6147], 'DualAnnealing': [5.0, 2758845074856.6147], 'SHGO': [5.0, 2758845074856.6147]}"
"('Global Innovation Index', 'Human capital and research', 'Patent Publications')","Global Innovation Index+Human capital and research+Patent Publications","0.9036538702011978","[274090.18530646444, 116307696.01576644, 2757789932881.2554]","{'DifferentialEvolution': [5.0, 2758378323615.967], 'DualAnnealing': [5.0, 2758378323615.967], 'SHGO': [5.0, 2758378323615.967]}"
"('Global Innovation Index', 'Infrastructure', 'Patent Publications')","Global Innovation Index+Infrastructure+Patent Publications","0.9035354928334417","[273864.4411688504, 117287317.73733614, 2757035217016.882]","{'DifferentialEvolution': [5.0, 2757628500216.5977], 'DualAnnealing': [5.0, 2757628500216.5977], 'SHGO': [5.0, 2757628500216.5977]}"
"('Global Innovation Index', 'Institutions', 'Patent Publications')","Global Innovation Index+Institutions+Patent Publications","0.9037949033122885","[273681.6256206724, 115308675.74248992, 2755088606354.305]","{'DifferentialEvolution': [5.0, 2755671991773.658], 'DualAnnealing': [5.0, 2755671991773.658], 'SHGO': [5.0, 2755671991773.658]}"
"('Global Innovation Index', 'Internet Usage', 'Patent Publications')","Global Innovation Index+Internet Usage+Patent Publications","0.903826631800323","[274053.4277720826, 112277487.67611247, 2755971585089.5376]","{'DifferentialEvolution': [5.0, 2756539823863.6123], 'DualAnnealing': [5.0, 2756539823863.6123], 'SHGO': [5.0, 2756539823863.6123]}"
"('Global Innovation Index', 'Knowledge and technology outputs', 'Patent Publications')","Global Innovation Index+Knowledge and technology outputs+Patent Publications","0.903702636050734","[273820.6947868961, 117689908.10344526, 2757990714076.317]","{'DifferentialEvolution': [5.0, 2758586009134.2036], 'DualAnnealing': [5.0, 2758586009134.2036], 'SHGO': [5.0, 2758586009134.2036]}"
"('Global Innovation Index', 'Market sophistication', 'Patent Publications')","Global Innovation Index+Market sophistication+Patent Publications","0.9037186975926709","[287551.10162404523, 1.0, 2847967403429.626]","{'DifferentialEvolution': [5.0, 2847974592212.1665], 'DualAnnealing': [5.0, 2847974592212.1665], 'SHGO': [5.0, 2847974592212.1665]}"
"('Global Innovation Index', 'Patent Publications', 'Unemployment Rate')","Global Innovation Index+Patent Publications+Unemployment Rate","0.9036454600072347","[273919.5854051492, 126476700.96506196, 2759631350162.563]","{'DifferentialEvolution': [5.0, 2760270581657.0234], 'DualAnnealing': [5.0, 2760270581657.0234], 'SHGO': [5.0, 2760270581657.0234]}"
"('Global Innovation Index', 'Patent Publications', 'WIPO Tax')","Global Innovation Index+Patent Publications+WIPO Tax","0.9037022835593459","[273898.5467065162, 123522037.63165623, 2756968232897.133]","{'DifferentialEvolution': [5.0, 2757592690548.959], 'DualAnnealing': [5.0, 2757592690548.959], 'SHGO': [5.0, 2757592690548.959]}"
"('Human capital and research', 'Infrastructure', 'Patent Publications')","Human capital and research+Infrastructure+Patent Publications","0.9035013386159181","[274232.9330305185, 115283934.10002464, 2757765722601.543]","{'DifferentialEvolution': [5.0, 2758348998095.3687], 'DualAnnealing': [5.0, 2758348998095.3687], 'SHGO': [5.0, 2758348998095.3687]}"
"('Human capital and research', 'Institutions', 'Patent Publications')","Human capital and research+Institutions+Patent Publications","0.9037607699307428","[274049.92112796317, 113301347.63554825, 2755833072438.465]","{'DifferentialEvolution': [5.0, 2756406430424.671], 'DualAnnealing': [5.0, 2756406430424.671], 'SHGO': [5.0, 2756406430424.671]}"
"('Human capital and research', 'Internet Usage', 'Patent Publications')","Human capital and research+Internet Usage+Patent Publications","0.9037923751940311","[274422.04998191446, 110267098.20369077, 2756721156022.0737]","{'DifferentialEvolution': [5.0, 2757279352064.342], 'DualAnnealing': [5.0, 2757279352064.342], 'SHGO': [5.0, 2757279352064.342]}"
"('Human capital and research', 'Knowledge and technology outputs', 'Patent Publications')","Human capital and research+Knowledge and technology outputs+Patent Publications","0.9036686495711024","[274188.78096606134, 115690671.41376469, 2758714073610.4663]","{'DifferentialEvolution': [5.0, 2759299381687.059], 'DualAnnealing': [5.0, 2759299381687.059], 'SHGO': [5.0, 2759299381687.059]}"
"('Human capital and research', 'Market sophistication', 'Patent Publications')","Human capital and research+Market sophistication+Patent Publications","0.9038403574348546","[273863.0661537006, 115168979.82979695, 2757598053156.805]","{'DifferentialEvolution': [5.0, 2758180744632.608], 'DualAnnealing': [5.0, 2758180744632.608], 'SHGO': [5.0, 2758180744632.608]}"
"('Human capital and research', 'Patent Publications', 'Unemployment Rate')","Human capital and research+Patent Publications+Unemployment Rate","0.9036114145250922","[274287.9783289915, 124487328.15683939, 2760325410991.698]","{'DifferentialEvolution': [5.0, 2760954704831.9404], 'DualAnnealing': [5.0, 2760954704831.9404], 'SHGO': [5.0, 2760954704831.9404]}"
"('Human capital and research', 'Patent Publications', 'WIPO Tax')","Human capital and research+Patent Publications+WIPO Tax","0.9036682006387337","[274267.5355756432, 121522553.59049289, 2757683270470.105]","{'DifferentialEvolution': [5.0, 2758297739926.447], 'DualAnnealing': [5.0, 2758297739926.447], 'SHGO': [5.0, 2758297739926.447]}"
"('Infrastructure', 'Institutions', 'Patent Publications')","Infrastructure+Institutions+Patent Publications","0.9036426825703308","[273825.748299393, 114272757.4561927, 2755075707234.5034]","{'DifferentialEvolution': [5.0, 2755653916665.4917], 'DualAnnealing': [5.0, 2755653916665.4917], 'SHGO': [5.0, 2755653916665.4917]}"
"('Infrastructure', 'Internet Usage', 'Patent Publications')","Infrastructure+Internet Usage+Patent Publications","0.9036743260145317","[274197.6129331917, 111240490.14504968, 2755962575995.5874]","{'DifferentialEvolution': [5.0, 2756525633386.6357], 'DualAnnealing': [5.0, 2756525633386.6357], 'SHGO': [5.0, 2756525633386.6357]}"
"('Infrastructure', 'Knowledge and technology outputs', 'Patent Publications')","Infrastructure+Knowledge and technology outputs+Patent Publications","0.9033984026921117","[288303.88977628725, 1.0, 2850313673507.389]","{'DifferentialEvolution': [5.0, 2850320881109.634], 'DualAnnealing': [5.0, 2850320881109.634], 'SHGO': [5.0, 2850320881109.634]}"
"('Infrastructure', 'Market sophistication', 'Patent Publications')","Infrastructure+Market sophistication+Patent Publications","0.9037223952913638","[273638.7973646468, 116140653.20468193, 2756844578981.3574]","{'DifferentialEvolution': [5.0, 2757432123217.315], 'DualAnnealing': [5.0, 2757432123217.315], 'SHGO': [5.0, 2757432123217.315]}"
"('Infrastructure', 'Patent Publications', 'Unemployment Rate')","Infrastructure+Patent Publications+Unemployment Rate","0.9034928733877894","[274061.94839246484, 125460545.15624306, 2759587585704.252]","{'DifferentialEvolution': [5.0, 2760221739978.743], 'DualAnnealing': [5.0, 2760221739978.743], 'SHGO': [5.0, 2760221739978.743]}"
"('Infrastructure', 'Patent Publications', 'WIPO Tax')","Infrastructure+Patent Publications+WIPO Tax","0.9035496855846892","[274041.5965492614, 122498627.08006687, 2756934870124.5444]","{'DifferentialEvolution': [5.0, 2757554214299.8584], 'DualAnnealing': [5.0, 2757554214299.8584], 'SHGO': [5.0, 2757554214299.8584]}"
"('Institutions', 'Internet Usage', 'Patent Publications')","Institutions+Internet Usage+Patent Publications","0.9039316576492554","[274010.75562986406, 109286775.15806599, 2754029439351.228]","{'DifferentialEvolution': [5.0, 2754582723495.909], 'DualAnnealing': [5.0, 2754582723495.909], 'SHGO': [5.0, 2754582723495.909]}"
"('Institutions', 'Knowledge and technology outputs', 'Patent Publications')","Institutions+Knowledge and technology outputs+Patent Publications","0.903810416065665","[273781.7596323641, 114678642.84582247, 2756029985253.9214]","{'DifferentialEvolution': [5.0, 2756610223012.141], 'DualAnnealing': [5.0, 2756610223012.141], 'SHGO': [5.0, 2756610223012.141]}"
"('Institutions', 'Market sophistication', 'Patent Publications')","Institutions+Market sophistication+Patent Publications","0.903979452147128","[273451.07456459664, 114199267.55261303, 2754885609825.2275]","{'DifferentialEvolution': [5.0, 2755463442439.8545], 'DualAnnealing': [5.0, 2755463442439.8545], 'SHGO': [5.0, 2755463442439.8545]}"
"('Institutions', 'Patent Publications', 'Unemployment Rate')","Institutions+Patent Publications+Unemployment Rate","0.9037530529307147","[273880.58600840817, 123463307.98945215, 2757620023256.288]","{'DifferentialEvolution': [5.0, 2758244186810.8857], 'DualAnnealing': [5.0, 2758244186810.8857], 'SHGO': [5.0, 2758244186810.8857]}"
"('Institutions', 'Patent Publications', 'WIPO Tax')","Institutions+Patent Publications+WIPO Tax","0.903809169663897","[273858.19477168424, 120519303.63387394, 2754961020500.9404]","{'DifferentialEvolution': [5.0, 2755570463473.979], 'DualAnnealing': [5.0, 2755570463473.979], 'SHGO': [5.0, 2755570463473.979]}"
"('Internet Usage', 'Knowledge and technology outputs', 'Patent Publications')","Internet Usage+Knowledge and technology outputs+Patent Publications","0.9038421593737552","[274152.88252569136, 111653471.46134342, 2756905453103.3296]","{'DifferentialEvolution': [5.0, 2757470574282.699], 'DualAnnealing': [5.0, 2757470574282.699], 'SHGO': [5.0, 2757470574282.699]}"
"('Internet Usage', 'Market sophistication', 'Patent Publications')","Internet Usage+Market sophistication+Patent Publications","0.9040118211536914","[273823.6123164575, 111160764.58293438, 2755779393571.4355]","{'DifferentialEvolution': [5.0, 2756342042984.658], 'DualAnnealing': [5.0, 2756342042984.658], 'SHGO': [5.0, 2756342042984.658]}"
"('Internet Usage', 'Patent Publications', 'Unemployment Rate')","Internet Usage+Patent Publications+Unemployment Rate","0.9037848809843906","[274252.20391295385, 120446397.94980508, 2758451793068.386]","{'DifferentialEvolution': [5.0, 2759060881363.233], 'DualAnnealing': [5.0, 2759060881363.233], 'SHGO': [5.0, 2759060881363.233]}"
"('Internet Usage', 'Patent Publications', 'WIPO Tax')","Internet Usage+Patent Publications+WIPO Tax","0.903840944931211","[274230.6786207488, 117489771.75630134, 2755823343523.4043]","{'DifferentialEvolution': [5.0, 2756417648149.1514], 'DualAnnealing': [5.0, 2756417648149.1514], 'SHGO': [5.0, 2756417648149.1514]}"
"('Knowledge and technology outputs', 'Market sophistication', 'Patent Publications')","Knowledge and technology outputs+Market sophistication+Patent Publications","0.9038897369502765","[273595.4799464819, 116540757.74021897, 2757800213683.306]","{'DifferentialEvolution': [5.0, 2758389757359.006], 'DualAnnealing': [5.0, 2758389757359.006], 'SHGO': [5.0, 2758389757359.006]}"
"('Knowledge and technology outputs', 'Patent Publications', 'Unemployment Rate')","Knowledge and technology outputs+Patent Publications+Unemployment Rate","0.9036598273683403","[274018.05743158003, 125862622.63120516, 2760547321862.8726]","{'DifferentialEvolution': [5.0, 2761183485427.4644], 'DualAnnealing': [5.0, 2761183485427.4644], 'SHGO': [5.0, 2761183485427.4644]}"
"('Knowledge and technology outputs', 'Patent Publications', 'WIPO Tax')","Knowledge and technology outputs+Patent Publications+WIPO Tax","0.9037169491906928","[273998.0070661304, 122898429.3562117, 2757900789627.7305]","{'DifferentialEvolution': [5.0, 2758522131724.688], 'DualAnnealing': [5.0, 2758522131724.688], 'SHGO': [5.0, 2758522131724.688]}"
"('Market sophistication', 'Patent Publications', 'Unemployment Rate')","Market sophistication+Patent Publications+Unemployment Rate","0.9038325103763687","[273694.32741832634, 125319117.43552686, 2759422822329.855]","{'DifferentialEvolution': [5.0, 2760056260275.2183], 'DualAnnealing': [5.0, 2760056260275.2183], 'SHGO': [5.0, 2760056260275.2183]}"
"('Market sophistication', 'Patent Publications', 'WIPO Tax')","Market sophistication+Patent Publications+WIPO Tax","0.9038887407577001","[273671.76959672343, 122377640.01025838, 2756761495039.036]","{'DifferentialEvolution': [5.0, 2757380225033.327], 'DualAnnealing': [5.0, 2757380225033.327], 'SHGO': [5.0, 2757380225033.327]}"
"('Patent Publications', 'Unemployment Rate', 'WIPO Tax')","Patent Publications+Unemployment Rate+WIPO Tax","0.9036596928503399","[274096.80344635353, 131694785.37116696, 2759619666788.3003]","{'DifferentialEvolution': [5.0, 2760284993135.242], 'DualAnnealing': [5.0, 2760284993135.242], 'SHGO': [5.0, 2760284993135.242]}"
